${0},,
"${0} ${1} already exists.","${0} ${1} on juba olemas.",
"${0} ${1} does not exist","${0} ${1} ei eksisteeri",
"${0} ${1} has been modified after loading please reload entry.","${0} ${1} on muudetud pärast laadimist, palun laadige kirje uuesti.",
"${0} ${1} is linked with existing records.","${0} ${1} on seotud olemasolevate kirjetega.",
"${0} account not set in Inventory Settings.","Konto ${0} ei ole varude seadetes määratud.",
"${0} already applied.","${0} on juba rakendatud.",
"${0} already saved","${0} on juba salvestatud",
"${0} already submitted","${0} on juba esitatud",
"${0} bank entries created","${0} pangakirjet loodud",
"${0} before ${1}","${0} enne ${1}",
"${0} cancelled","${0} tühistatud",
"${0} cannot be cancelled","${0} ei saa tühistada",
"${0} cannot be deleted","${0} ei saa kustutada",
"${0} deleted","${0} kustutatud",
"${0} does not have access to the selected file: ${1}","${0} ei pääse valitud failile ligi: ${1}",
"${0} duplicates skipped","${0} duplikaati vahele jäetud",
"${0} entries failed","${0} kirjet ebaõnnestus",
"${0} entries imported","${0} kirjet imporditud",
"${0} entry failed","${0} kirje ebaõnnestus",
"${0} entry imported","${0} kirje imporditud",
"${0} errors — see console","${0} viga — vaata konsooli",
"${0} errors, ${1} warnings. See first issues below.","${0} viga, ${1} hoiatust. Vaata esimesi probleeme allpool.",
"${0} fields selected","${0} välja valitud",
"${0} filters applied","${0} filtrit rakendatud",
"${0} has linked child accounts.","${0} omab seotud alamkontosid.",
"${0} of type ${1} does not exist","${0} tüüpi ${1} ei eksisteeri",
"${0} only has ${1} points","${0} on ainult ${1} punkti",
"${0} only has ${1} points (${2} will be earned from this transaction)","${0} on ainult ${1} punkti (${2} teenitakse selle tehinguga)",
"${0} out of ${1}","${0} / ${1}",
"${0} party ${1} is different from ${2}","${0} osapool ${1} erineb ${2}-st",
"${0} quantity ${1} added.","${0} kogus ${1} lisatud.",
"${0} quantity 1 added.","${0} kogus 1 lisatud.",
"${0} reverse-charge entries created","${0} pöördkäibemaksu kirjet loodud",
"${0} row added.","${0} rida lisatud.",
"${0} rows","${0} rida",
"${0} rows added.","${0} rida lisatud.",
"${0} saved","${0} salvestatud",
"${0} shortcuts","${0} otseteed",
"${0} stored at ${1}","${0} salvestatud asukohta ${1}",
"${0} submitted","${0} esitatud",
"${0} value ${1} does not exist.","${0} väärtus ${1} ei eksisteeri.",
/Users/you/.local/bin/arelleCmdLine,,
0%,,
"0% supplies total","0% käibe kokku",
03-23-2022,,
03/23/2022,,
"1 filter applied","1 filter rakendatud",
12345678,,
"13% taxable supplies","13% maksustatav käive",
"20% taxable supplies (legacy)","20% maksustatav käive (ajalooline)",
2022-03-23,,
"22% taxable supplies (legacy)","22% maksustatav käive (ajalooline)",
"23 Mar, 2022",,
23-03-2022,,
23.03.2022,,
23/03/2022,,
"24% taxable supplies","24% maksustatav käive",
27AAAAA0000A1Z5,,
"5% taxable supplies","5% maksustatav käive",
"9% taxable supplies","9% maksustatav käive",
9888900000,,
"A submittable entry is deleted only if it is in the cancelled state.","Esitatav kirje kustutatakse ainult tühistatud olekus.",
"API Base URL","API baas-URL",
Account,Konto,
"Account ${0} does not exist.","Konto ${0} ei eksisteeri.",
"Account Entries","Konto kirjed",
"Account Name","Konto nimi",
"Account Type","Konto tüüp",
Accounting,Raamatupidamine,
"Accounting Entries",Raamatupidamiskirjed,
"Accounting Ledger Entry","Pearaamatu kirje",
"Accounting Services",Raamatupidamisteenused,
"Accounting Settings","Raamatupidamise seaded",
Accounts,Kontod,
"Accounts Payable","Võlad tarnijatele",
"Accounts Receivable","Ostjate nõuded",
"Accumulated Depreciation","Akumuleeritud kulum",
Action,Toiming,
Active,Aktiivne,
"Add Account","Lisa konto",
"Add Customers","Lisa kliente",
"Add Group","Lisa grupp",
"Add Items","Lisa kaupu",
"Add Row","Lisa rida",
"Add Suppliers","Lisa tarnijaid",
"Add Taxes","Lisa makse",
"Add a few customers to create your first sales invoice","Lisa mõned kliendid oma esimese müügiarve loomiseks",
"Add a few suppliers to create your first purchase invoice","Lisa mõned tarnijad oma esimese ostuarve loomiseks",
"Add a filter","Lisa filter",
"Add a remark","Lisa märkus",
"Add attachment","Lisa manus",
"Add invoice terms","Lisa arve tingimused",
"Add products or services that you buy from your suppliers","Lisa tooted või teenused, mida ostate tarnijatelt",
"Add products or services that you sell to your customers","Lisa tooted või teenused, mida müüte klientidele",
"Add quote terms","Lisa hinnapakkumise tingimused",
"Add transfer terms","Lisa ülekande tingimused",
"Add'l Discounts",Lisasoodustused,
"Additional ${0} Serial Numbers required for ${1} quantity of ${2}.","Nõutav on täiendavalt ${0} seerianumbrit ${1} koguse ${2} jaoks.",
"Additional quantity (${0}) required${1} to make outward transfer of item ${2} from ${3} on ${4}","Nõutav on täiendav kogus (${0})${1} toote ${2} väljamineva ülekande tegemiseks kohast ${3} kuupäeval ${4}",
Address,Aadress,
"Address Display","Aadressi kuvamine",
"Address Line 1","Aadressirida 1",
"Address Line 2","Aadressirida 2",
"Address Name","Aadressi nimi",
"Adjustments (+)","Korrigeerimised (+)",
"Adjustments (-)","Korrigeerimised (-)",
"Administrative Expenses",Halduskulud,
Alert,Hoiatus,
All,Kõik,
"Allow to bypass filters","Luba filtrite eiramist",
Amount,Summa,
"Amount (EUR)","Summa (EUR)",
"Amount Paid","Makstud summa",
"Amount: ${0} and writeoff: ${1} is less than the total amount allocated to references: ${2}.","Summa: ${0} ja mahakandmine: ${1} on väiksem kui viidetele eraldatud kogu summa: ${2}.",
"Amount: ${0} is less than the total amount allocated to references: ${1}.","Summa: ${0} on väiksem kui viidetele eraldatud kogu summa: ${1}.",
Amounts,Summad,
"An entry is cancelled only if it is in the submitted state.","Kirje tühistatakse ainult esitatud olekus.",
"An entry is submitted only if it is submittable and is in the saved state.","Kirje esitatakse ainult siis, kui see on esitatav ja salvestatud olekus.",
"An error occurred.","Ilmnes viga.",
And,Ja,
"Annual Report",Aastaaruanne,
"Annual Report (XBRL)","Aastaaruanne (XBRL)",
"Applicable anywhere in ${0}","Rakendub kõikjal ${0}'s",
"Applicable when POS is open","Rakendub kui kassa on avatud",
"Applicable when Quick Search is open","Rakendub kui kiirotsing on avatud",
"Applicable when Template Builder is open","Rakendub kui mallide koostaja on avatud",
"Applicable when a entry is open in the Form view or Quick Edit view","Rakendub kui kirje on avatud vormivaates või kiirmuutmisvaates",
"Applicable when the List View of an entry type is open","Rakendub kui kirjetüübi loendvaade on avatud",
"Application of Funds (Assets)","Varade paigutus",
"Applied Coupon Codes","Rakendatud kupongikoodid",
"Applied Items","Rakendatud kaubad",
Apply,Rakenda,
"Apply Discount After Tax","Rakenda allahindlus pärast makse",
"Apply Price List","Rakenda hinnakiri",
"Apply and view changes made to the print template","Rakenda ja vaata prindimallile tehtud muudatusi",
April,Aprill,
Arelle,Arelle,
"Arelle CLI Path","Arelle käsurea tee",
"Arelle CLI path not configured — XBRL validation unavailable. Set path in Accounting Settings.","Arelle käsurea tee ei ole seadistatud — XBRL valideerimine pole saadaval. Seadista tee raamatupidamise seadetes.",
"Arelle CLI path not set","Arelle CLI tee pole määratud",
"Arelle binary not found","Arelle käivitatavat faili ei leitud",
Arial,,
"Ascending Order","Kasvav järjestus",
Asset,Vara,
Assets,Varad,
"Attach Image","Lisa pilt",
"Attach Invoice","Lisa arve",
Attachment,Manus,
August,August,
"Auth Token",Autentimistokken,
"Auto Payments",Automaksed,
"Auto Stock Transfer","Automaatne laosaldode ülekanne",
Auto-submit,Automaatesitamine,
Autocomplete,"Automaatne täitmine",
"Available Loyalty Points","Saadaolevad lojaalsuspunktid",
Back,Tagasi,
"Back Reference",Tagasiviide,
"Bad import data, could not read file.","Vigased impordandmed, faili ei saanud lugeda.",
Balance,Saldo,
"Balance Amount","Saldo summa",
"Balance Sheet",Bilanss,
"Balance sheet does not balance — Assets ≠ Liabilities + Equity. Fix ledger before exporting.","Bilanss ei tasa — Varad ≠ Kohustused + Omakapital. Paranda pearaamat enne eksportimist.",
Bank,Pank,
"Bank Account",Pangakonto,
"Bank Accounts",Pangakontod,
"Bank Archival ID","Panga arhiivi ID",
"Bank Entry",Pangakirje,
"Bank Import","Pankade import",
"Bank Name","Panga nimi",
"Bank Overdraft Account","Arvelduskrediidi konto",
"Banking Services",Pangateenused,
Barcode,Vöötkood,
"Barcode ${0} has an invalid length.","Vöötkoodi ${0} pikkus on vale.",
"Barcode must be exactly 12 digits.","Vöötkood peab koosnema täpselt 12 numbrist.",
"Base Grand Total","Põhikogu summa",
"Based On",Põhineb,
Batch,Partii,
"Batch ${0} does not belong to Item ${1}","Partii ${0} ei kuulu kaubale ${1}",
"Batch ${0} only has ${1} quantity available but ${2} is required","Partiis ${0} on saadaval ainult ${1}, kuid nõutakse ${2}",
"Batch Series","Partiide seeria",
"Batch Series cannot contain the following characters: /, ?, &, =, %","Partiide seeria ei tohi sisaldada järgmisi tähemärke: /, ?, &, =, %",
"Batch not set for row ${0}.","Partii pole rea ${0} jaoks määratud.",
"Batch set for row ${0}.","Partii on rea ${0} jaoks määratud.",
"Bill Created","Arve loodud",
Billing,Arveldamine,
Billion,Miljard,
Black,Must,
Blue,Sinine,
Both,Mõlemad,
"Both From and To Location cannot be undefined","Nii algus- kui sihtkoht ei tohi olla määramata",
Buildings,Ehitised,
CHE-123.456.789,,
"CSV import is not yet supported for ${0}. Export a CAMT.053 XML statement instead.","CSV-import pole ${0} jaoks veel toetatud. Eksportige CAMT.053 XML-väljavõte.",
"Can Change Discount","Saab muuta allahindlust",
"Can Change Rate","Saab muuta määra",
Cancel,Tühista,
"Cancel ${0}?","Tühistada ${0}?",
"Cancel Button Colour","Tühistamise nupu värv",
"Cancel or Delete an entry.","Tühistage või kustutage kirje.",
Cancelled,Tühistatud,
"Cannot Commit Error","Salvestamise viga",
"Cannot Delete","Ei saa kustutada",
"Cannot Delete Account","Ei saa kontot kustutada",
"Cannot Export","Ei saa eksportida",
"Cannot Import","Ei saa importida",
"Cannot Open File","Ei saa faili avada",
"Cannot add an item to a submitted invoice.","Esitatud arvele ei saa kaupa lisada.",
"Cannot cancel ${0} ${1} because of the following ${2}: ${3}","Ei saa tühistada ${0} ${1} järgmise ${2} tõttu: ${3}",
"Cannot cancel ${0} because of the following ${1}: ${2}","Ei saa tühistada ${0} järgmise ${1} tõttu: ${2}",
"Cannot delete ${0} ""${1}"" because of linked entries.","Ei saa kustutada ${0} ""${1}"" seotud kirjete tõttu.",
"Cannot open file","Ei saa faili avada",
"Cannot perform operation.","Ei saa toimingut teha.",
"Cannot read file","Ei saa faili lugeda",
"Capital Equipments","Põhivara seadmed",
"Capital Stock",Põhikapital,
Cash,Sularaha,
"Cash Denominations","Sularaha nimiväärtused",
"Cash Entry",Kassaoperatsioon,
"Cash In Denominations","Sularaha nimiväärtuste järgi",
"Cash In Hand","Kassas olev sularaha",
"Cash and Bank","Sularaha ja pank",
Cashflow,Rahavoog,
Ceil,"Ülespoole ümardamine",
"Central Tax",Keskmaks,
"Change DB","Vaheta andmebaas",
"Change File","Vaheta fail",
"Change Ref Type","Vaheta viite tüüp",
"Changes made to settings will be visible on reload.","Seadete muudatused on nähtavad pärast uuesti laadimist.",
Chargeable,Tasustatav,
"Chart Of Accounts Reviewed","Kontoplaan üle vaadatud",
"Chart of Accounts",Kontoplaan,
Check,Tšekk,
"Check Digits",Kontrollnumbrid,
"City / Town","Linn / Alev",
"Claims to Owner","Nõuded omaniku vastu",
Classic,Klassikaline,
Clear,Tühjenda,
"Clear Synced Data From ERPNext SyncQueue","Tühjenda sünkroonitud andmed ERPNexti järjekorrast",
"Clearance Date","Kliirimise kuupäev",
"Clearance Date not set.","Kliiringukuupäev pole määratud.",
"Clicking continue will remove all the selected items.","Jätkamisel eemaldatakse kõik valitud kaubad.",
Close,Sulge,
"Close ${0} and try manually.","Sulgege ${0} ja proovige käsitsi.",
"Close POS Shift","Sulge kassavahetus",
"Close Quick Search","Sulge kiirotsing",
Closing,Sulgemine,
"Closing ${0} Amount can not be negative.","Sulgemissumma ${0} ei saa olla negatiivne.",
"Closing (Cr)","Sulgemine (Kr)",
"Closing (Dr)","Sulgemine (Db)",
"Closing Amount",Sulgemissumma,
"Closing Amounts",Sulgemissummad,
"Closing Cash",Sulgemissularaha,
"Closing Cash In Denominations","Sulgemissularaha nimiväärtuste järgi",
"Closing Date",Sulgemiskuupäev,
Collapse,Ahenda,
"Collection Factor",Kogumistegur,
"Collection Rules","Kogumise reeglid",
Color,Värv,
Colour,Värv,
"Commission on Sales",Müügikomisjon,
Common,Üldine,
Company,Ettevõte,
"Company Logo","Ettevõtte logo",
"Company Name","Ettevõtte nimi",
"Company Setup","Ettevõtte seadistamine",
Completed,Lõpetatud,
"Computers and Equipment","Arvutid ja seadmed",
Condition,Tingimus,
"Consolidate Columns","Ühenda veerud",
"Consultations and Training","Konsultatsioonid ja koolitus",
Consumer,Tarbija,
Contact,Kontakt,
Contacts,Kontaktid,
Contains,Sisaldab,
Context,Kontekst,
Continue,Jätka,
"Continue submitting Sales Invoice?","Jätkata müügiarve esitamist?",
"Contra Entry","Kontrarje kirje",
"Conversion Error","Konverteerimise viga",
"Conversion Factor",Konverteerimisnäitaja,
Converted,Teisendatud,
"Coop Pank","Coop Pank",
"Cost Of Goods Sold Acc.","Müüdud kaupade maksumuse konto",
"Cost of Goods Sold","Müüdud kaupade maksumus",
"Could not connect to database file ${0}, please select the file manually","Ei saanud ühenduda andmebaasifailiga ${0}, palun valige fail käsitsi",
Count,Arv,
"Counter Cash Account","Kassaraha konto",
Counterparty,Vastaspool,
Country,Riik,
"Country Code",Riigikood,
"Country code used to initialize regional settings.","Riigikood regionaalsete seadete lähtestamiseks.",
"Coupon ${0} is not applicable for applied items.","Kupong ${0} ei kehti valitud kaupade suhtes.",
"Coupon Code",Kupongikood,
"Coupon Name","Kuponi nimi",
Coupons,Kupongid,
Courier,Courier,
Cr.,Kr.,
"Cr. ${0}","Kr. ${0}",
Create,Loo,
"Create ${0} Entries","Loo ${0} kirjet",
"Create Demo","Loo demo",
"Create Journal Entries","Loo raamatupidamiskirjeid",
"Create Payment.","Loo makse.",
"Create Purchase","Loo ost",
"Create Purchase Invoice","Loo ostuarve",
"Create Sale","Loo müük",
"Create Sales Invoice","Loo müügiarve",
"Create a demo company to try out ${0}","Looge demofirma, et ${0} järele proovida.",
"Create a new company and store it on your computer","Loo uus ettevõte ja salvesta see arvutisse",
"Create a new company or select an existing one from your computer","Looge uus ettevõte või valige olemasolev oma arvutist",
"Create a new entry of the same type as the List View","Loo uus kirje sama tüübiga mis loendvaates",
"Create new ${0} entry?","Luua uus ${0} kirje?",
"Create your first purchase invoice from the created supplier","Looge esimene ostuarve loodud tarnijalt",
"Create your first sales invoice for the created customer","Looge esimene müügiarve loodud kliendile",
Created,Loodud,
"Created By","Loodud kasutaja poolt",
"Created as drafts — review and attach invoices, then submit.","Loodud mustanditena — vaata üle, lisa arved ja seejärel esita.",
"Creating Items and Parties","Kaupade ja osapoolte loomine",
"Creating Journal Entries","Raamatupidamiskirjete loomine",
"Creating Purchase Invoices","Ostuarvete loomine",
Credit,Kreedit,
"Credit Card Entry","Krediitkaardi kirje",
"Credit Note",Kreeditarve,
Creditors,Võlausaldajad,
Currency,Valuuta,
"Currency Name","Valuuta nimi",
Current,Praegune,
"Current Assets",Käibevara,
"Current Liabilities","Lühiajalised kohustused",
"Custom Field","Kohandatud väli",
"Custom Fields","Kohandatud väljad",
"Custom Form","Kohandatud vorm",
"Custom Hex","Kohandatud hex",
Customer,Klient,
"Customer Created","Klient loodud",
"Customer Currency","Kliendi valuuta",
"Customer has no loyalty points to redeem","Kliendil pole lunastamiseks lojaalsuspunkte",
Customers,Kliendid,
Customizations,Kohandused,
"Customize Form","Kohanda vormi",
"Customize your invoices by adding a logo and address details","Kohandage arveid, lisades logo ja aadressiandmed",
"Dark mode","Tume režiim",
Dashboard,Töölaud,
Data,Andmed,
"Data Sync Interval (In Minutes)","Andmete sünkroonimise intervall (minutites)",
"Database Error","Andmebaasi viga",
"Database file: ${0}","Andmebaasifail: ${0}",
Date,Kuupäev,
"Date Format","Kuupäeva formaat",
"Date Time","Kuupäev ja aeg",
Day,Päev,
Debit,Deebet,
"Debit Note",Deebetarve,
Debtors,Võlgnikud,
December,Detsember,
"Decrease print template display scale","Vähenda prindimalli kuvamismõõtkava",
Default,Vaikimisi,
"Default Account","Vaikimisi konto",
"Default Cash Denominations","Vaikimisi sularaha nimiväärtused",
"Default Location","Vaikimisi asukoht",
Defaults,Vaikeväärtused,
Delete,Kustuta,
"Delete ${0}?","Kustutada ${0}?",
"Delete Account","Kustuta konto",
"Delete Failed","Kustutamine ebaõnnestus",
"Delete Group","Kustuta grupp",
Delivered,Tarnitud,
Denomination,Nimiväärtus,
Depreciation,Kulum,
"Depreciation Entry","Kulumi kirje",
"Depreciation and Impairment Loss (Reversal)","Kulum ja väärtuse langus (tühistamine)",
Description,Kirjeldus,
Details,Üksikasjad,
"Device ID","Seadme ID",
"Device is offline. Please connect to a network to continue.","Seade on võrguühenduseta. Jätkamiseks looge võrguühendus.",
"Difference Amount","Vahe summa",
"Direct Expenses","Otsesed kulud",
"Direct Income","Otsesed tulud",
"Directory for database file ${0} does not exist, please select the file manually","Andmebaasifaili ${0} kataloog ei eksisteeri, palun valige fail käsitsi",
Disabled,Keelatud,
"Discount Account","Allahindluste konto",
"Discount Account is not set.","Allahindluste konto ei ole määratud.",
"Discount Amount","Allahindluse summa",
"Discount Amount (${0}) cannot be greated than Amount (${1}).","Allahindluse summa (${0}) ei tohi olla suurem kui summa (${1}).",
"Discount Percent","Allahindluse protsent",
"Discount Percent (${0}) cannot be greater than 100.","Allahindluse protsent (${0}) ei saa olla suurem kui 100.",
"Discount Percentage","Allahindluse protsent",
"Discount Type","Allahindluse tüüp",
"Discounted Amount","Allahinnatud summa",
Discounts,Allahindlused,
"Display Amount In Words","Kuva summa sõnadega",
"Display Description In Invoice","Kuva kirjeldus arvel",
"Display Doc","Kuvatav dokument",
"Display Logo in Invoice","Kuva logo arvel",
"Display Precision","Kuvamise täpsus",
"Display Precision should have a value between 0 and 9.","Kuvamise täpsus peab olema vahemikus 0–9.",
"Display Scale","Kuvamise skaala",
"Display Terms and Conditions","Kuva tingimused",
"Display Time In Invoice","Kuva kellaaeg arvel",
"Dividends Paid","Makstud dividendid",
"Do not Contact","Ärge võtke ühendust",
"Doc ${0} ${1} not set","Dokument ${0} ${1} pole määratud",
Docs,Dokumendid,
"Document Name","Dokumendi nimi",
Documentation,Dokumentatsioon,
"Does Not Contain","Ei sisalda",
Done,Valmis,
"Download the taxonomy zip from xbrl.eesti.ee, unzip it, and place the et-gaap_<version> folder in reports/EstonianAnnualReport/taxonomy/. See the README for details.","Laadi taksonoomia zip alla xbrl.eesti.ee-st, paki lahti ja pane et-gaap_<versioon> kaust reports/EstonianAnnualReport/taxonomy/ kausta. Vaata README.",
Dr.,Dr.,
"Dr. ${0}","Dr. ${0}",
Draft,Mustand,
Duplicate,Dubleeri,
"Duplicate Entry","Dubleeri kirjet",
"Duplicate Template","Dubleeri malli",
"Duplicate columns found: ${0}","Leiti duplikaatveergusid: ${0}",
"Duplicate detection uses the archival ID, so re-importing the same statement is safe.","Duplikaatide tuvastamine kasutab arhiivi ID-d, seega sama väljavõtte uuesti importimine on ohutu.",
"Duties and Taxes","Tollimaksud ja maksud",
"Dynamic Link","Dünaamiline link",
"EE Bank Statement Import","EE pangaväljavõtte import",
EE123456789,,
"ERP Sync Items","ERP sünkroonimise kaubad",
"ERPNext Sync","ERPNext sünkroonimine",
"ERPNext Sync Queue","ERPNext sünkroonimise järjekord",
"ERPNext Sync Settings","ERPNext sünkroonimise seaded",
"EU B2B supplies (incl. goods + services)","EL B2B tarned (sh kaubad + teenused)",
"EU Business","EL ettevõte",
"EU Consumer","EL eraisik",
"EU Establishment Input VAT","EL põhimõttel sisendkäibemaks",
"EU Establishment Output VAT","EL põhimõttel väljundkäibemaks",
"EU Establishment VAT Payable","EL põhimõttel KM kohustus",
"EU Partner VAT","EL partneri KMKR number",
"EU acquisitions + RC services","EL soetused + pöördmaksustamise teenused",
"EU goods acquisitions","EL kaupade soetused",
"EU goods supplies","EL kaupade tarned",
"Earnest Money",Tagatisraha,
Eight,Kaheksa,
Eighteen,Kaheksateist,
Eighty,Kaheksakümmend,
"Electronic Equipments",Elektroonikaseadmed,
Element,Element,
Eleven,Üksteist,
Email,E-post,
"Email Address","E-posti aadress",
"Employee Expense",Tööjõukulud,
Empty,Tühi,
"Empty file selected","Valiti tühi fail",
"Enable Barcodes","Luba vöötkoodid",
"Enable Batches","Luba partiid",
"Enable Coupon Code","Luba kupongikoodid",
"Enable Discount Accounting","Luba allahindluste arvestus",
"Enable ERPNext Sync","Luba ERPNext sünkroonimine",
"Enable Form Customization","Luba vormide kohandamine",
"Enable Inventory","Luba varude arvestus",
"Enable Invoice Returns","Luba arvetagastused",
"Enable Item Enquiry","Luba kauba päringud",
"Enable Item Group","Luba kaubagruppe",
"Enable Lead","Luba liide",
"Enable Loyalty Program","Luba lojaalsusprogramm",
"Enable POS Without Inventory","Luba kassa ilma laoarvestuseta",
"Enable Partial Payment","Luba osaline makse",
"Enable Partial payment to pay partial amount","Luba osaline makse osalise summa tasumiseks",
"Enable Point of Sale","Luba kassapunkt",
"Enable Price List","Luba hinnakirjad",
"Enable Pricing Rule","Luba hinnareeglid",
"Enable Serial Number","Luba seerianumbrid",
"Enable UOM Conversion","Luba mõõtühikute teisendus",
Enabled,Lubatud,
"Enabled For","Lubatud jaoks",
Endpoints,Lõpp-punktid,
"Enter Country to load States","Sisestage riik, et laadida maakonnad",
"Enter State","Sisestage maakond",
"Enter barcode","Sisestage vöötkood",
"Enter weight barcode","Sisestage kaaluline vöötkood",
"Entertainment Expenses",Vastuvõtukulud,
Entry,Kirje,
"Entry Currency","Kirje valuuta",
"Entry Label","Kirje silt",
"Entry No","Kirje nr",
"Entry No.","Kirje nr.",
"Entry Type","Kirje tüüp",
"Entry has Grand Total ${0}. Please verify amounts.","Kirje kogusumma on ${0}. Palun kontrollige summasid.",
Equity,Omakapital,
Error,Viga,
Estonia,Eesti,
"Estonian GAAP taxonomy not found","Eesti GAAP taksonoomiat ei leitud",
"Estonian Non-Registered","Eesti KM mittekohustuslane",
"Estonian VAT Registered","Eesti KM kohustuslane",
"Estonian VAT number must match format EE followed by 9 digits.","Eesti käibemaksunumber peab vastama formaadile EE + 9 numbrit.",
"Exchange Gain/Loss","Valuutakursi kasum/kahjum",
"Exchange Rate",Vahetuskurss,
"Excise Entry",Aktsiisikirje,
"Exempt supplies","Maksuvabad tarned",
"Existing Company","Olemasolev ettevõte",
Expand,Laienda,
"Expected Amount","Oodatav summa",
Expense,Kulu,
"Expense Account",Kulukonto,
Expenses,Kulud,
"Expenses Included In Valuation","Hindamisse kaasatud kulud",
Expired,Aegunud,
"Expiry Date",Aegumiskuupäev,
"Expiry Duration","Kehtivuse kestus",
Export,Eksport,
"Export Failed","Eksport ebaõnnestus",
"Export Format","Ekspordi formaat",
"Export Successful","Eksport õnnestus",
"Export Wizard","Ekspordi viisard",
"Export an XBRL file first. The Validate action checks the most recent export.","Ekspordi esmalt XBRL fail. Valideerimine kontrollib viimast eksporti.",
"Exports outside EU","EL-väline eksport",
"FBooks Integration Version","FBooks integratsiooni versioon",
Failed,Ebaõnnestus,
"Failed to load batches","Partiide laadimine ebaõnnestus",
Fax,Faks,
Features,Funktsioonid,
February,Veebruar,
"Fetch Data From ERPNext","Tõmba andmed ERPNextist",
"Fetch From ERPNext Queue","Tõmba ERPNexti järjekorrast",
Field,Väli,
Fieldname,"Välja nimi",
"Fieldname ${0} already exists for ${1}","Välja nimi ${0} on juba olemas ${1} jaoks",
"Fieldname ${0} already used for Custom Field ${1}","Välja nimi ${0} on juba kasutusel välja ${1} jaoks",
Fieldtype,"Välja tüüp",
Fifteen,Viisteist,
Fifty,Viiskümmend,
"File ${0} does not exist.","Fail ${0} ei eksisteeri.",
"File selection failed","Faili valimine ebaõnnestus",
Fill,Täida,
Filter,Filter,
"Filter by Group","Filtreeri grupi järgi",
"Financial and Other Expenses","Finants- ja muud kulud",
"Fiscal Year",Majandusaasta,
"Fiscal Year End Date","Majandusaasta lõppkuupäev",
"Fiscal Year Start Date","Majandusaasta alguskuupäev",
Five,Viis,
"Fix Failed","Parandamine ebaõnnestus",
"Fixed Asset",Põhivara,
"Fixed Assets",Põhivarad,
Float,Ujukomaarv,
Floor,"Allapoole ümardamine",
"Following cells have errors: ${0}.","Järgmistes lahtrites on vigu: ${0}.",
"Following links do not exist: ${absentLinks .map((l) =>",,
Font,Font,
"For Purchase","Ostu jaoks",
"For Sales","Müügi jaoks",
"Forbidden Error","Juurdepääsu viga",
"Form Section","Vormi jaotis",
"Form Tab","Vormi vaheleht",
"Form Type","Vormi tüüp",
Forty,Nelikümmend,
Four,Neli,
Fourteen,Neliteist,
Fr,R,
Fraction,Murd,
"Fraction Units",Murdühikud,
"Free Item","Tasuta kaup",
"Free item ""${0}"" was not added due to zero quantity","Tasuta kaup «${0}» ei lisatud nulli koguse tõttu",
"Free items out of stock: ${0}","Tasuta kaubad on otsas: ${0}",
"Freight and Forwarding Charges","Veokulud ja ekspedeerimistasud",
From,Alates,
"From Account",Kontolt,
"From Date",Alguskuupäev,
"From Lead",Liidest,
"From Loc.","Asukoht (alates)",
"From Year",Aastast,
"Full Name",Täisnimi,
"Furnitures and Fixtures","Mööbel ja sisustus",
GST,,
"GST Registration",,
GSTIN,,
"GSTIN No.",,
GSTR1,,
GSTR2,,
"Gain/Loss on Asset Disposal","Kasum/kahjum vara müügist",
General,Üldine,
"General Ledger",Pearaamat,
"Get Started",Alusta,
Global,Globaalne,
"Go back to the previous page","Mine eelmisele lehele",
Gram,Gramm,
"Grand Total",Kokku,
"Greater Than","Suurem kui",
Green,Roheline,
"Grid View",Ruudustikuvaade,
"Group By",Grupeeri,
HSN/SAC,,
"HSN/SAC Code",,
"Half Yearly",Poolaastane,
"Half Years",Poolaastad,
"Has Batch","On partii",
"Has Serial Number","On seerianumber",
"Height (in cm)","Kõrgus (cm)",
Held,Ootel,
"Held Button Colour","Ooteloleku nupu värv",
Help,Abi,
"Hex Value","Hex väärtus",
"Hidden values will be visible on Print on.","Peidetud väärtused on nähtavad printimisel.",
"Hide Get Started","Peida «Alusta»",
"Hide Group Amounts","Peida grupisummad",
"Hide Month/Year","Peida kuu/aasta",
"Hide Unavailable Items","Peida kättesaamatud kaubad",
"Hides the Get Started section from the sidebar. Change will be visible on restart or refreshing the app.","Peidab külgriba jaotise «Alustamine». Muutus on nähtav pärast taaskäivitamist.",
"Hold Q and type digits to set selected item quantity","Hoidke Q ja sisestage numbrid valitud kauba koguse määramiseks",
Hour,Tund,
Hundred,Sada,
INR,,
"IT Services",IT-teenused,
"If any entry form is open, save the details. Otherwise, save the invoice.","Kui mõni kirjevorm on avatud, salvestage andmed. Muul juhul salvestage arve.",
"If any entry form is open, your entry will be canceled. Otherwise the selected items will be removed.","Kui mõni kirjevorm on avatud, kirje tühistatakse. Muul juhul eemaldatakse valitud kaubad.",
"Ignore Pricing Rule","Ignoreeri hinnareeglit",
Image,Pilt,
"Immovables / metal waste (§41¹)","Kinnisasjad / metallijäätmed (§41¹)",
"Import Bank",Importpank,
"Import Complete","Import lõpetatud",
"Import Data","Andmete import",
"Import Data.","Andmete import.",
"Import Type","Impordi tüüp",
"Import Wizard","Impordi viisard",
"Import a ${0} CSV or CAMT.053.001.02 XML statement.","Impordi ${0} CSV või CAMT.053.001.02 XML väljavõte.",
"Import a CAMT.053.001.02 XML statement exported from ${0}. CSV is not yet supported for this bank.","Impordi CAMT.053.001.02 XML väljavõte, mis on eksporditud ${0}-st. CSV ei ole selle panga jaoks veel toetatud.",
"Import complete","Import lõpetatud",
"Importer not set, reload tool","Importija pole seatud, laadige tööriist uuesti",
"In stock","Laos olemas",
Inactive,Mitteaktiivne,
"Include Cancelled","Kaasa tühistatud",
Income,Tulu,
"Income Account",Tulukonto,
"Income Tax",Tulumaks,
"Income Tax Expense",Tulumaksukulu,
"Income Tax Payable",Tulumaks,
"Increase print template display scale","Suurenda prindimalli kuvamissuurust",
Indigo,Indigo,
"Indirect Expenses","Kaudsed kulud",
"Indirect Income","Kaudsed tulud",
Inflow,Laekumine,
"Initial Sync Data","Esmased sünkroonimisandmed",
"Input VAT",Sisendkäibemaks,
"Input VAT total (deductible)","Sisendkäibemaks kokku (mahaarvamisele kuuluv)",
"Instance Id","Eksemplari ID",
"Insufficient Quantity","Ebapiisav kogus",
"Insufficient Quantity.","Ebapiisav kogus.",
"Insufficient Quantity. Item ${0} has only ${1} quantities available. you selected ${2}","Ebapiisav kogus. Kaubal ${0} on saadaval ainult ${1} ühikut. Valisite ${2}",
Int,Täisarv,
"Integration Error Log","Integratsiooni veaprotokoll",
"Interest Expense",Intressikulu,
"Interest Income",Intressitulu,
Interested,Huvitatud,
"Intergrated Tax","Integreeritud maks",
"Internal Precision","Sisemine täpsus",
"Invalid HSN Code.",,
"Invalid Key Error","Vale klahvi viga",
"Invalid Quantity for Item ${0}","Vigane kogus kaubale ${0}",
"Invalid barcode value ${0}.","Vale vöötkoodi väärtus ${0}.",
"Invalid value ${0} for ${1}","Vigane väärtus ${0} väljale ${1}",
"Invalid value found for ${0}","Leiti vale väärtus ${0} jaoks",
Inventory,Ladu,
"Inventory Items",Laokaubad,
"Inventory Settings","Varude seaded",
Investments,Investeeringud,
Invoice,Arve,
"Invoice Created","Arve loodud",
"Invoice Date","Arve kuupäev",
"Invoice Item","Arve rida",
"Invoice No","Arve nr",
"Invoice No.","Arve nr.",
"Invoice Value","Arve väärtus",
Invoices,Arved,
Is,On,
"Is Coupon Code Based",Kupongikoodipõhine,
"Is Custom",Kohandatud,
"Is Empty","On tühi",
"Is Enabled",Lubatud,
"Is Group","On grupp",
"Is Landscape",Maastikuformaat,
"Is Not","Ei ole",
"Is Not Empty","Ei ole tühi",
"Is POS Shift Open","POS vahetus on avatud",
"Is Price List Enabled","Hinnakiri on lubatud",
"Is Pricing Rule Enabled","Hinnareegel on lubatud",
"Is Recursive",Rekursiivne,
"Is Required",Kohustuslik,
"Is Sync Enabled","Sünkroonimine on lubatud",
"Is Whole","On täisarv",
"Issued Capital",Osakapital,
Item,Kaup,
"Item ${0} has Zero Quantity","Kaubal ${0} on null kogus",
"Item ${0} is a batched item","Kaup ${0} on partii-kaup",
"Item ${0} is not a batched item","Kaup ${0} ei ole partii-kaup",
"Item ${0} is out of stock (quantity is zero)","Kaup ${0} on otsas (kogus on null)",
"Item ${0} not found","Kaup ${0} ei leitud",
"Item ${0} not in Stock","Kaup ${0} pole laos",
"Item ${0} only has ${1} Quantity","Kaubal ${0} on ainult ${1} ühikut",
"Item ${0} only has ${1} Quantity in batch ${2}","Kaubal ${0} on partiis ${2} ainult ${1} ühikut",
"Item Code","Kauba kood",
"Item Code Digits","Kauba koodi numbrid",
"Item Description","Kauba kirjeldus",
"Item Discounts","Kaupade allahindlused",
"Item Enquiry","Kauba päring",
"Item Group",Kaubagrupp,
"Item Name","Kauba nimi",
"Item Prices","Kaupade hinnad",
"Item Visibility","Kauba nähtavus",
"Item enquiry submitted","Kauba päring esitatud",
"Item with From location not found","Kaupa algasukohaga ei leitud",
"Item with To location not found","Kaupa sihtasukohaga ei leitud",
"Item with barcode ${0} not found.","Kaupu vöötkoodi ${0} ei leitud.",
ItemCode,"Kauba kood",
Items,Kaubad,
January,Jaanuar,
"John Doe",,
"Journal Entries",Raamatupidamiskirjed,
"Journal Entry",Raamatupidamiskirje,
"Journal Entry Account","Raamatupidamiskirje konto",
"Journal Entry Number Series","Päevikukirjete numbrijada",
"Journal Entry Print Template","Päevikukirje prindimall",
July,Juuli,
June,Juuni,
KMD,KMD,
"KMD (Estonian VAT Return)","KMD (Eesti käibedeklaratsioon)",
"KMD Line","KMD rida",
"Key Hints",Klahvivihjed,
Kg,,
LHV,LHV,
Label,Silt,
Language,Keel,
Lead,Liid,
"Left Index","Vasak indeks",
"Legal Expenses",Õigusabikulud,
"Less Filters","Vähem filtreid",
"Less Than","Väiksem kui",
Liabilities,Kohustused,
"Liabilities and Equity","Kohustised ja omakapital",
Liability,Kohustus,
Limit,Limiit,
Link,Link,
"Link Validation Error","Lingi valideerimise viga",
"Linked Entries","Seotud kirjed",
List,Loend,
"List View",Loendvaade,
"Load an existing company from your computer","Laadige olemasolev ettevõte oma arvutist",
"Loading Report...","Aruande laadimine...",
"Loading instance...",Laadib...,
Loading...,Laadimine...,
"Loans (Liabilities)","Laenud (kohustused)",
"Loans and Advances (Assets)","Laenud ja ettemaksed (varad)",
Locale,Lokaadil,
Location,Asukoht,
"Location Name","Asukoha nimi",
Logo,Logo,
"Long-term Liabilities","Pikaajalised kohustused",
"Long-term Loan from Owner","Pikaajaline laen omanikult",
"Loyalty Point Entry","Lojaalsuspunkti kirje",
"Loyalty Points",Lojaalsuspunktid,
"Loyalty Points Redemption","Lojaalsuspunktide lunastamine",
"Loyalty Program",Lojaalsusprogramm,
"Loyalty Program Tier","Lojaalsusprogrammi tase",
"Loyalty program has expired and cannot be applied","Lojaalsusprogramm on aegunud ja seda ei saa rakendada",
"Loyalty program has expired or reached maximum usage","Lojaalsusprogramm on aegunud või saavutanud maksimaalse kasutuse",
Luminor,Luminor,
"Make Entry","Loo kirje",
"Make Payment On Submit","Loo makse esitamisel",
"Make Purchase Receipt On Submit","Loo ostukviitung esitamisel",
"Make Shipment On Submit","Loo lähetis esitamisel",
"Mandatory Error","Kohustusliku välja viga",
Manufacture,Tootmine,
"Manufacture Date",Tootmiskuupäev,
"Mar 23, 2022",,
March,Märts,
"Mark ${0} as submitted?","Märkida ${0} esitatuks?",
"Marketing Expenses",Turunduskulud,
"Material Issue","Materjali väljastamine",
"Material Receipt","Materjali vastuvõtmine",
"Material Transfer","Materjali ülekanne",
"Max Amount","Maksimaalne summa",
"Max Qty (As Per Stock Unit)","Maks. kogus (laoühiku järgi)",
Maxed,"Maksimum saavutatud",
"Maximum Amount should be greater than the Minimum Amount.","Maksimaalne summa peab olema suurem kui minimaalne summa.",
"Maximum Amount should be lesser than Pricing Rule's Maximum Amount","Maksimaalne summa peab olema väiksem kui hinnareegli maksimaalne summa",
"Maximum Quantity should be greater than the Minimum Quantity.","Maksimaalne kogus peab olema suurem kui minimaalne kogus.",
"Maximum Use","Maksimaalne kasutamine",
May,Mai,
Meter,,
Million,Miljon,
"Min Amount","Minimaalne summa",
"Min Qty (As Per Stock Unit)","Min. kogus (laoühiku järgi)",
"Minimum Amount should be greather than the Pricing Rule's Minimum Amount.","Minimaalne summa peab olema suurem kui hinnareegli minimaalne summa.",
"Minimum Amount should be less than the Maximum Amount.","Minimaalne summa peab olema väiksem kui maksimaalne summa.",
"Minimum Quantity should be less than the Maximum Quantity.","Minimaalne kogus peab olema väiksem kui maksimaalne kogus.",
"Minimum Total Spent","Minimaalne kulutatud kogusumma",
Misc,Muud,
Miscellaneous,Mitmesugune,
"Miscellaneous Expenses","Mitmesugused kulud",
Mo,E,
Mobile,Mobiil,
Modern,Kaasaegne,
Modified,Muudetud,
"Modified By","Muudetud kasutaja poolt",
Month,Kuu,
Monthly,Igakuine,
Months,Kuud,
More,Rohkem,
"More Filters","Rohkem filtreid",
"More shortcuts will be added soon.","Peagi lisatakse rohkem kiirklahve.",
"Movement Type","Liikumise tüüp",
Name,Nimi,
Navigate,Navigeeri,
"Need ${0} Serial Numbers for Item ${1}. You have provided ${2}","Kaubal ${1} on vaja ${0} seerianumbrit. Olete andnud ${2}",
"Net Total",Netosumma,
"New ${0}","Uus ${0}",
"New ${0} ${1}","Uus ${0} ${1}",
"New Account","Uus konto",
"New Company","Uus ettevõte",
"New Entry","Uus kirje",
"New Template","Uus mall",
Nine,Üheksa,
Nineteen,Üheksateist,
Ninety,Üheksakümmend,
No,Ei,
"No Display Entries Found","Kuvamiseks kirjeid ei leitud",
"No Print Templates not found for entry type ${0}","Prindimalle kirje tüübile ${0} ei leitud",
"No Value","Väärtus puudub",
"No Values to be Displayed","Kuvamiseks väärtused puuduvad",
"No draft journal entries.","Mustandkirjeid ei ole.",
"No entries found","Kirjeid ei leitud",
"No entries were imported.","Ühtegi kirjet ei imporditud.",
"No errors or warnings — file accepted by arelle.","Vigu ega hoiatusi ei ole — Arelle aktsepteeris faili.",
"No expenses in this period","Sellel perioodil kulud puuduvad",
"No exported XBRL in this session","Selles seansis pole XBRL-i eksporditud",
"No filters selected","Filtreid ei ole valitud",
"No intra-Community (EU B2B) supply in this period — VD report is not required.","Selles perioodis puuduvad ühendusesisesed (EL B2B) tarned — VD-aruannet ei nõuta.",
"No linked entries found","Seotud kirjeid ei leitud",
"No results found","Tulemusi ei leitud",
"No results found, disable filters","Tulemusi ei leitud, keelake filtrid",
"No rows added. Select a file or add rows.","Ühtegi rida pole lisatud. Valige fail või lisage ridu.",
"No rows found in file.","Failis ridu ei leitud.",
"No transactions yet","Tehinguid pole veel",
"Non Active Serial Number ${0} cannot be used as Manufacture raw material","Mitteaktiivset seerianumbrit ${0} ei saa kasutada tootmise toorainena",
"Non Active Serial Number ${0} cannot be used for Material Issue","Mitteaktiivset seerianumbrit ${0} ei saa kasutada materjali väljastamiseks",
"Non Active Serial Number ${0} cannot be used for Material Transfer","Mitteaktiivset seerianumbrit ${0} ei saa kasutada materjali ülekandeks",
"Non Inactive Serial Number ${0} cannot be used for Material Receipt","Mitteaktiivset seerianumbrit ${0} ei saa kasutada materjali vastuvõtmiseks",
"Non-Current Assets",Põhivarad,
"Non-Current Liabilities","Pikaajalised kohustised",
Non-EU,"Väljaspool EL",
"Non-Inventory Items",Mitte-laokaubad,
None,Puudub,
"Not Found","Ei leitud",
"Not Saved",Salvestamata,
"Not Submitted",Esitamata,
"Not Transferred","Üle kandmata",
Notes,Märkused,
November,November,
"Number Display","Arvude kuvamine",
"Number Series",Numbriseeriate,
"Number of ${0}","${0} arv",
"Number of 100% business-use cars","100% ärikasutuses olevate sõiduautode arv",
"Number of Rows","Ridade arv",
"Number of partial-business cars","Osalise ärikasutusega sõiduautode arv",
"OSS Sales VAT","OSS müügi käibemaks",
"OSS VAT Payable","OSS käibemaksu kohustus",
October,Oktoober,
"Office Equipments",Kontoriseadmed,
"Office Maintenance Expenses","Kontori hoolduskulud",
"Office Rent","Kontori üür",
Okay,Olgu,
"Onboarding Complete","Sisseelamine lõpetatud",
One,Üks,
"Only From or To can be set for Manufacture","Tootmise jaoks saab määrata ainult «Alates» või «Kuni»",
Open,Avatud,
"Open Accounting Settings and set the Arelle CLI Path field.","Ava raamatupidamise seaded ja seadista Arelle käsurea tee väli.",
"Open Count","Avatud arv",
"Open Documentation","Ava dokumentatsioon",
"Open Folder","Ava kaust",
"Open POS Shift","Ava POS vahetus",
"Open Print View","Ava prindieelvaade",
"Open Print View if Print is available.","Ava prindieelvaade, kui printimine on saadaval.",
"Open Quick Search","Ava kiirotsing",
"Open Report Print View","Ava aruande prindieelvaade",
"Open Sales Invoice List","Ava müügiarvete loend",
"Open Saved or Submitted Invoice List.","Ava salvestatud või esitatud arvete loend.",
"Open the Export Wizard modal","Ava ekspordi viisardi aken",
"Opening (Cr)","Avamine (Kr)",
"Opening (Dr)","Avamine (Db)",
"Opening Amount",Avamissumma,
"Opening Amounts",Avamissummad,
"Opening Balance Equity","Avabilansi omakapital",
"Opening Balances","Avabilansi saldod",
"Opening Cash",Avamissularaha,
"Opening Cash Amount can not be negative.","Avamissularaha summa ei saa olla negatiivne.",
"Opening Cash In Denominations","Avamissularaha nimiväärtuste järgi",
"Opening Date",Avamiskuupäev,
"Opening Entry",Avakirje,
"Opening Shift","Vahetuse avamine",
"Operating Expenses",Tegevuskulud,
Opportunity,Võimalus,
Options,Valikud,
Orange,Oranž,
Organisation,Organisatsioon,
"Other Income","Muud tulud",
"Other Operating Expense","Muud tegevuskulud",
"Other Operating Expenses","Muud tegevuskulud",
"Other purchases subject to VAT","Muud käibemaksuga maksustatavad ostud",
"Out stock",Otsas,
Outflow,Väljaminek,
"Output VAT",Väljundkäibemaks,
Outstanding,Tasumata,
"Outstanding Amount","Tasumata summa",
"Overpaid VAT (computed)","Ülemakstud käibemaks (arvutuslik)",
"Owner Loans","Omaniku laenud",
POS,Kassa,
"POS Closing Shift","POS vahetuse sulgemine",
"POS Counter Cash Account is not set. Please set it on POS Settings","POS kassaarve pole määratud. Määrake see POS seadetes",
"POS Customer","POS klient",
"POS Inventory is not set. Please set it on POS Settings","POS laosaldo pole määratud. Määrake see POS seadetes",
"POS Opening Shift","POS vahetuse avamine",
"POS Print Template","POS prindimall",
"POS Profile","POS profiil",
"POS Settings","POS seaded",
"POS Shift Amount","POS vahetuse summa",
"POS UI","POS kasutajaliides",
"POS Write Off Account is not set. Please set it on POS Settings","POS mahakandmisarve pole määratud. Määrake see POS seadetes",
"Pad Zeros","Täida nullidega",
Page,Lehekülg,
Paid,Makstud,
"Paid ${0}","Makstud ${0}",
"Paid Change",Tagastatav,
Paisa,,
Parent,Vanem,
"Parent Account",Ülakonto,
"Partly Paid","Osaliselt tasutud",
"Partly Paid ${0}","Osaliselt tasutud ${0}",
Party,Osapool,
"Patch Run","Paigu käivitamine",
"Path ""${0}"" is not an executable file. Verify the path in Accounting Settings.","Tee ""${0}"" ei ole käivitatav fail. Kontrolli teed raamatupidamise seadetes.",
Pay,Maksa,
"Pay & Print","Maksa ja prindi",
"Pay And Print Button Colour","Maksa ja prindi nupu värv",
"Pay Button Colour","Maksmise nupu värv",
Payable,"Tasumisele kuuluv",
Payment,Makse,
"Payment ${0} is Saved","Makse ${0} on salvestatud",
"Payment For","Makse eest",
"Payment Method",Makseviis,
"Payment No","Makse nr",
"Payment Number Series","Maksete numbrijada",
"Payment Print Template","Makse prindimall",
"Payment Reference","Makse viide",
"Payment Type","Makse tüüp",
"Payment amount cannot be ${0}.","Makse summa ei tohi olla ${0}.",
"Payment amount cannot be less than zero.","Makse summa ei tohi olla negatiivne.",
"Payment amount cannot exceed ${0}.","Makse summa ei tohi ületada ${0}.",
"Payment amount: ${0} should be greater than 0.","Makse summa: ${0} peab olema suurem kui 0.",
"Payment amount: ${0} should be less than Outstanding amount: ${1}.","Makse summa: ${0} peab olema väiksem kui tasumata summa: ${1}.",
"Payment of ${0} will be made from account ""${1}"" to account ""${2}"" on Submit.","Makse ${0} tehakse kontolt „${1}"" kontole „${2}"" esitamisel.",
Payments,Maksed,
"Payroll Payable",Palgavõlg,
"Pending qty. ${0}","Ootel kogus ${0}",
Periodicity,Perioodilisus,
Phone,Telefon,
"Pick Columns","Vali veerud",
"Pick Import Columns","Vali imporditavad veerud",
Pink,Roosa,
Place,Koht,
"Place of Supply","Tarnimise koht",
"Place of supply","Tarnimise koht",
"Plants and Machineries","Tehased ja masinad",
"Please Wait","Palun oodake",
"Please add a customer before saving","Lisage klient enne salvestamist",
"Please add items","Lisage kaubad",
"Please check Key Hints for valid key names","Kontrollige klahvivihjeid kehtivate klahvinimede saamiseks",
"Please create a ${0} entry to view Template Preview.","Looge ${0} kirje, et vaadata malli eelvaadet.",
"Please fill all values.","Täitke kõik väärtused.",
"Please restart and try again.","Taaskäivitage ja proovige uuesti.",
"Please select a Print Template","Valige prindimall",
"Please select a batch first","Valige esmalt partii",
"Please select a customer","Valige klient",
"Please select a payment method before proceeding with payment.","Valige enne makse tegemist makseviis.",
"Please select a payment method before submitting.","Valige enne esitamist makseviis.",
"Please select a valid reference type.","Palun valige kehtiv viite tüüp.",
"Please set GSTIN in General Settings.",,
"Please set Round Off Account in the Settings.","Palun määrake ümardamiskonto seadetes.",
"Please set a Display Doc","Määrake kuvatav dokument",
"Point of Sale",Kassapunkt,
"Points must be greater than 0","Punktid peavad olema suuremad kui 0",
"Points must be greather than 0","Punktid peavad olema suuremad kui 0",
"Pos Print Width","POS kviitungi laius",
"Pos Ui","POS kasutajaliides",
"Postal Code",Postiindeks,
"Postal Expenses",Postikulud,
"Posting Date","Kandmise kuupäev",
Prefix,Eesliide,
"Price Discount","Hinna allahindlus",
"Price Discount Scheme","Hinnasoodustuse skeem",
"Price Discount Type","Hinna allahindluse tüüp",
"Price List",Hinnakiri,
"Price List Item","Hinnakirja rida",
"Pricing Rule",Hinnareegel,
"Pricing Rule Detail","Hinnareegli üksikasjad",
"Pricing Rule Item","Hinnareegli kaup",
Print,Prindi,
"Print ${0}","Prindi ${0}",
"Print Failed","Printimine ebaõnnestus",
"Print Settings",Prindiseaded,
"Print Setup","Printimise seadistus",
"Print Successful","Printimine õnnestus",
"Print Template",Prindimall,
"Print Template Name not set","Prindimalli nimi pole määratud",
"Print Template is empty","Prindimall on tühi",
"Print Templates",Prindimallid,
"Print View",Prindieelvaade,
"Print and Stationery","Trükikulud ja kirjatarbed",
Priority,Prioriteet,
Product,Toode,
"Product Discount","Kauba allahindlus",
"Product Discount Scheme","Tootesoodustuse skeem",
Profile,Profiil,
"Profit And Loss","Kasumi- ja kahjumiaruanne",
"Profit and Loss","Kasumi- ja kahjumiaruanne",
"Profit for the Year","Aruandeaasta kasum",
Purchase,Ost,
"Purchase Acc.",Ostukonto,
"Purchase Amount","Ostu summa",
"Purchase Invoice",Ostuarve,
"Purchase Invoice Item","Ostuarve kaup",
"Purchase Invoice Number Series","Ostuarvete numbrijada",
"Purchase Invoice Print Template","Ostuarve prindimall",
"Purchase Invoice Terms","Ostuarve tingimused",
"Purchase Invoices",Ostuarved,
"Purchase Item","Ostu rida",
"Purchase Item Created","Ostukaup loodud",
"Purchase Items",Ostukaubad,
"Purchase Payment",Ostumakse,
"Purchase Payment Account","Ostumakse konto",
"Purchase Payments",Ostumaksed,
"Purchase Receipt",Ostukviitung,
"Purchase Receipt Item","Ostukviitungi rida",
"Purchase Receipt Location","Ostukviitungi asukoht",
"Purchase Receipt Number Series","Ostukviitungite numbrijada",
"Purchase Receipt Print Template","Ostukviitungi prindimall",
"Purchase Receipt Terms","Ostukviitungi tingimused",
Purchases,Ostud,
Purple,Lilla,
Purpose,Eesmärk,
Qty,Kogus,
"Qty in Batch","Kogus partiis",
"Qty. ${0}","Kogus ${0}",
"Qty. in Transfer Unit","Kogus ülekande ühikus",
Quantity,Kogus,
"Quantity (${0}) has to be greater than zero","Kogus (${0}) peab olema suurem kui null",
"Quantity and Amount","Kogus ja summa",
"Quantity must be greater than zero.","Kogus peab olema suurem kui null.",
"Quantity needs to be set","Kogus tuleb määrata",
Quarterly,Kvartaalne,
Quarters,Kvartalid,
"Quick Search",Kiirotsing,
"Quick edit error: ${0} entry has no name.","Kiirmuutmise viga: kirjel ${0} pole nime.",
Quotation,Pakkumine,
Quote,Hinnapakkumine,
"Quote Reference","Hinnapakkumise viide",
"RC VAT Payable","Pöördmaksustamine – KM kohustus",
"RC VAT Receivable","Pöördmaksustamine – KM nõue",
Rate,Määr,
"Rate (${0}) cannot be less zero.","Määr (${0}) ei tohi olla negatiivne.",
"Rate (${0}) has to be greater than zero","Määr (${0}) peab olema suurem kui null",
"Rate can't be negative.","Määr ei tohi olla negatiivne.",
"Rate needs to be set","Määr tuleb seada",
"Raw Value: ${0}","Toortäärtus: ${0}",
Receivable,Laekuv,
Receivables,"Nõuded ostjatelt",
Receive,Saa,
Recent,Hiljutised,
"Recurse Every (As Per Transaction Unit)","Korda iga (tehinguühiku järgi)",
Red,Punane,
"Redeem Loyalty Points","Lunasta lojaalsuspunkte",
"Ref Name","Viite nimi",
"Ref Type","Viite tüüp",
"Ref. / Cheque No.","Viide / Tšeki nr",
"Ref. Date","Viite kuupäev",
"Ref. Name","Viite nimi",
"Ref. Type","Viite tüüp",
Reference,Viide,
"Reference Date","Viite kuupäev",
"Reference Id not set.","Viite ID pole määratud.",
"Reference Number","Viite number",
"Reference Type","Viite tüüp",
References,Viited,
"Register Instance","Registreeri eksemplar",
"Registered Regular","Registreeritud (tavaline)",
"Registry Code",Registrikood,
"Reload ${0}?","Laadida ${0} uuesti?",
Remittance,Saatekiri,
"Remove Filter","Eemalda filter",
Replied,Vastatud,
Report,Aruanne,
"Report Error","Aruande viga",
"Report Issue","Teata probleemist",
"Report will use more than one page if required.","Aruanne kasutab vajadusel mitut lehte.",
Reports,Aruanded,
"Required fields not selected: ${0}","Kohustuslikud väljad pole valitud: ${0}",
"Retained Earnings","Jaotamata kasum",
Return,Tagastus,
"Return Against","Tagastus vastu",
"Return Button Colour","Tagastuse nupu värv",
"Return Issued","Tagastus väljastatud",
Revenue,Tulu,
"Reverse Chrg.",Pöördkäibemaks,
Reverted,"Tagasi pööratud",
Reverts,"Pöörab tagasi",
"Review Accounts","Vaata kontod üle",
"Review your chart of accounts, add any account or tax heads as needed","Vaadake kontoplaani üle, lisage vajadusel kontosid või maksurühmi",
"Right Index","Parem indeks",
Role,Roll,
"Root Type",Juuretüüp,
Round,Ümardamine,
"Round Free Item Quantity","Ümmarda tasuta kauba kogus",
"Round Off",Ümarda,
"Round Off Account",Ümardamiskonto,
"Round Off Account Not Found","Ümardamiskontot ei leitud",
"Rounded Off",Ümardatud,
"Rounding Method","Ümardamise meetod",
"Row ${0}","Rida ${0}",
"Rows are matched against built-in rules (AWS, GitHub, Stripe, Apple/Google payouts, LHV fees). You can override the proposed account and VAT code before committing.","Read vastavad sisseehitatud reeglitele (AWS, GitHub, Stripe, Apple/Google väljamaksed, LHV tasud). Sa saad enne kinnitamist pakutud kontot ja käibemaksukoodi muuta.",
SEB,SEB,
Sa,L,
Salary,Palk,
"Sale to passengers with VAT refund","Müük reisijatele käibemaksu tagastusega",
Sales,Müük,
"Sales Acc.",Müügikonto,
"Sales Expenses",Müügikulud,
"Sales Invoice",Müügiarve,
"Sales Invoice ${0} is Saved","Müügiarve ${0} on salvestatud",
"Sales Invoice ${0} is Submitted","Müügiarve ${0} on esitatud",
"Sales Invoice Item","Müügiarve kaup",
"Sales Invoice List","Müügiarvete loend",
"Sales Invoice Number Series","Müügiarvete numbrijada",
"Sales Invoice Print Template","Müügiarve prindimall",
"Sales Invoice Terms","Müügiarve tingimused",
"Sales Invoices",Müügiarved,
"Sales Item","Müügi rida",
"Sales Item Created","Müügikaup loodud",
"Sales Items",Müügikaubad,
"Sales Payment",Müügimakse,
"Sales Payment Account","Müügimakse konto",
"Sales Payments",Müügimaksed,
"Sales Quote",Hinnapakkumine,
"Sales Quote Item","Pakkumise rida",
"Sales Quote Number Series","Pakkumiste numbrijada",
"Sales Quote Print Template","Pakkumise prindimall",
"Sales Quotes",Hinnapakkumised,
"Sales and Purchase","Müük ja ost",
"Sales in Estonia 24%","Müük Eestis 24%",
"Sales to EU 0%","Müük EL-i 0%",
Save,Salvesta,
"Save ${0}?","Salvestada ${0}?",
"Save Button Colour","Salvestamise nupu värv",
"Save Customizations","Salvesta kohandused",
"Save Template","Salvesta mall",
"Save Template File","Salvesta mallifail",
"Save and Continue","Salvesta ja jätka",
"Save as PDF","Salvesta PDF-ina",
"Save as PDF Successful","PDF-ina salvestamine õnnestus",
"Save changes made to ${0}?","Salvestada muudatused ${0}-s?",
"Save or Submit an entry.","Salvestage või esitage kirje.",
Saved,Salvestatud,
"Search Item (Name or Barcode)","Otsi kaupa (nimi või vöötkood)",
"Secured Loans","Tagatud laenud",
"Securities and Deposits","Väärtpaberid ja deposiidid",
Select,Vali,
"Select CoA","Vali kontoplaan",
"Select Color","Vali värv",
"Select Colour","Vali värv",
"Select Country","Vali riik",
"Select File","Vali fail",
"Select Image","Vali pilt",
"Select Statement File","Vali väljavõtte fail",
"Select Template File","Valige mallifail",
"Select a Display Doc to view the Template","Valige kuvatav dokument malli vaatamiseks",
"Select a Template type","Valige malli tüüp",
"Select a bank and import a CAMT.053 XML statement.","Vali pank ja impordi CAMT.053 XML väljavõte.",
"Select a form type to customize","Valige kohandamiseks vormi tüüp",
"Select a pre-defined page size, or set a custom page size for your Print Template.","Valige eelmääratletud leheformaat või seadke kohandatud formaat.",
"Select bank statement file","Valige pangaväljavõtte fail",
"Select column","Vali veerg",
"Select file","Vali fail",
"Select folder","Vali kaust",
"Select invoice (PDF or image)","Valige arve (PDF või pilt)",
"Select the Batch","Valige partii",
"Select the template type.","Valige malli tüüp.",
Selected,Valitud,
September,September,
"Serial Number",Seerianumber,
"Serial Number ${0} does not belong to the item ${1}.","Seerianumber ${0} ei kuulu kaubale ${1}.",
"Serial Number ${0} does not exist.","Seerianumber ${0} ei eksisteeri.",
"Serial Number ${0} is not Active.","Seerianumber ${0} ei ole aktiivne.",
"Serial Number ${0} is not Inactive","Seerianumber ${0} ei ole mitteaktiivne",
"Serial Number ${0} status is not Active.","Seerianumbri ${0} staatus ei ole aktiivne.",
"Serial Number Description","Seerianumbri kirjeldus",
"Serial Number Series","Seerianumbrite seeria",
"Serial Number Series cannot contain the following characters: /, ?, &, =, %","Seerianumbrite seeria ei tohi sisaldada järgmisi tähemärke: /, ?, &, =, %",
"Serial Number Status","Seerianumbri staatus",
"Serial Number is enabled for Item ${0}","Seerianumber on kaubale ${0} lubatud",
"Serial Number is not enabled for Item ${0}","Seerianumber pole kaubale ${0} lubatud",
"Serial Number not set for row ${0}.","Seerianumber pole rea ${0} jaoks määratud.",
"Serial Number set for row ${0}.","Seerianumber on rea ${0} jaoks määratud.",
Service,Teenus,
"Service Exports","Teenuste eksport",
"Set Coupon Code","Määra kupongikood",
"Set Discount Amount","Määra allahindluse summa",
"Set Loyalty Program","Määra lojaalsusprogramm",
"Set Period","Seadke periood",
"Set Price List","Määra hinnakiri",
"Set Print Size","Määra prindi suurus",
"Set Registry Code in Accounting Settings before exporting KMD.","Määrake registrikood raamatupidamise seadetes enne KMD eksporti.",
"Set Registry Code in Accounting Settings before exporting VD.","Määrake registrikood raamatupidamise seadetes enne VD eksporti.",
"Set Registry Code in Accounting Settings before exporting XBRL.","Määrake registrikood raamatupidamise seadetes enne XBRL eksporti.",
"Set Template Type","Määra malli tüüp",
"Set Up",Seadistamine,
"Set Up Your Workspace","Seadistage oma tööruum",
"Set a Template value to see the Print Template","Seadke malli väärtus, et näha prindimalli",
"Set an Import Type","Määra impordi tüüp",
"Set the display language.","Määrake kuvakeel.",
"Set the local code. This is used for number formatting.","Määrake kohalik kood, mida kasutatakse numbrite vormindamiseks.",
"Set up your company information, email, country and fiscal year","Seadistage ettevõtte andmed, e-post, riik ja majandusaasta",
"Set up your opening balances before performing any accounting entries","Seadistage avabilansi saldod enne raamatupidamiskirjete tegemist",
"Set up your organization","Seadistage oma organisatsioon",
"Set up your tax templates for your sales or purchase transactions","Seadistage oma müügi- ja ostu-tehingute maksumallid",
"Set-up Costs",Asutamiskulud,
"Sets how many digits are shown after the decimal point.","Määrab kümnendkoha järel kuvatavate numbrite arvu.",
"Sets the app-wide date display format.","Määrab rakenduse kuupäeva kuvamise vormingu.",
"Sets the internal precision used for monetary calculations. Above 6 should be sufficient for most currencies.","Määrab rahaliste arvutuste sisemise täpsuse. Enamiku valuutade jaoks piisab väärtusest üle 6.",
"Sets the theme of the app.","Seab rakenduse kujunduse.",
"Setting Up Instance","Eksemplari seadistamine",
Settings,Seaded,
Setup,Seadistus,
"Setup Complete","Seadistus lõpetatud",
"Setup Wizard",Seadistusviisard,
"Setup system defaults like date format and display precision","Seadistage süsteemi vaikeväärtused nagu kuupäeva formaat ja kuvamise täpsus",
Seven,Seitse,
Seventeen,Seitseteist,
Seventy,Seitsekümmend,
Shipment,Lähetis,
"Shipment ${0} is Submitted","Lähetis ${0} on esitatud",
"Shipment Item","Lähetise rida",
"Shipment Location","Lähetise asukoht",
"Shipment Number Series","Lähetiste numbrijada",
"Shipment Print Template","Lähetise prindimall",
"Shipment Terms","Lähetise tingimused",
"Short-term Loan from Owner","Lühiajaline laen omanikult",
Shortcuts,Otseteed,
"Should entries be submitted after syncing?","Kas kirjed tuleks esitada pärast sünkroonimist?",
"Show HSN",,
"Show Me","Näita mulle",
"Show Month/Year","Näita kuu/aasta",
"Similar Product","Sarnane kaup",
"Single Value","Üksik väärtus",
Six,Kuus,
Sixteen,Kuusteist,
Sixty,Kuuskümmend,
"Skip Child Tables","Jäta alustabelid vahele",
"Skip Transactions","Jäta tehingud vahele",
"Smallest Currency Fraction Value","Valuuta väikseim ühik",
Softwares,Tarkvara,
"Something has gone terribly wrong. Please check the console and raise an issue.","Midagi läks väga valesti. Kontrollige konsooli ja esitage probleem.",
"Source of Funds (Liabilities)","Rahastamisallikad (kohustused)",
"Standard Chart of Accounts",Standardkontoplaan,
Start,Alusta,
"Start From Row Index","Alusta rea indeksist",
State,Maakond,
"State Fees",Riigilõivud,
"State Tax","Maakonna maks",
Status,Staatus,
Stock,Ladu,
"Stock Adjustment","Varude korrigeerimine",
"Stock Assets","Varude varad",
"Stock Balance",Laosaldo,
"Stock Entries",Laotehingud,
"Stock Expenses","Varude kulud",
"Stock In Hand",Laoseis,
"Stock In Hand Acc.",Laosaldokonto,
"Stock Ledger",Laoraamat,
"Stock Ledger Entry","Laoraamatu kirje",
"Stock Liabilities","Varude kohustused",
"Stock Movement","Lao liikumine",
"Stock Movement Item","Lao liikumise rida",
"Stock Movement No.","Lao liikumise nr",
"Stock Movement Number Series","Lao liikumiste numbrijada",
"Stock Movement Print Template","Lao liikumise prindimall",
"Stock Movements","Lao liikumised",
"Stock Not Received","Ladu vastu võtmata",
"Stock Not Shipped","Laost välja saatmata",
"Stock Not Transferred","Üle kandmata",
"Stock Received But Not Billed","Kaubad saadud, kuid arveldamata",
"Stock Received But Not Billed Acc.","Saadud, kuid arveldamata konto",
"Stock Transfer Item","Laosaldode ülekande rida",
"Stock Unit",Laoühik,
StockTransfer,"Laosaldode ülekanne",
Stores,Kauplused,
Su,P,
Submit,Esita,
"Submit ${0} Drafts","Esita ${0} mustandit",
"Submit ${0} draft journal entries?","Esitada ${0} mustandkirjet?",
"Submit ${0}?","Esitada ${0}?",
"Submit Button Colour","Esitamise nupu värv",
"Submit Drafts","Esita mustandid",
"Submit entries?","Esitada kirjed?",
Submitted,Esitatud,
"Submitted ${0} journal entries.","Esitatud ${0} raamatupidamiskirjet.",
"Submitted ${0}, ${1} failed.","Esitatud ${0}, ${1} ebaõnnestus.",
Success,Õnnestus,
Supplier,Tarnija,
"Supplier Created","Tarnija loodud",
Suppliers,Tarnijad,
"Supply under special arrangements (§41¹)","Erikorra alusel tarnimine (§41¹)",
Swedbank,Swedbank,
Symbol,Sümbol,
"Sync Data From Server","Sünkroonige andmed serverist",
"Sync Data To ERPNext","Sünkroonige andmed ERPNexti",
"Sync Data To Server","Sünkroonige andmed serverisse",
"Sync Settings","Sünkroonimise seaded",
System,Süsteem,
"System Settings","Süsteemi seaded",
"System Setup","Süsteemi seadistus",
Table,Tabel,
Target,Sihtkoht,
Tax,Maks,
"Tax Account",Maksukonto,
"Tax Amount",Maksusumma,
"Tax Assets",Maksuvarad,
"Tax Detail","Maksu üksikasiad",
"Tax ID","Maksu ID",
"Tax Invoice Account","Maksuarve konto",
"Tax Liabilities",Maksukohustused,
"Tax Payment Account","Maksemakse konto",
"Tax Rate",Maksumäär,
"Tax Summary",Maksukokkuvõte,
"Tax Template",Maksumall,
"Tax Templates",Maksumallid,
"Tax and Totals","Maksud ja kokku",
"Taxable Value","Maksustatav väärtus",
"Taxed Amount","Maksustatud summa",
Taxes,Maksud,
"Taxes and Charges","Maksud ja tasud",
Teal,Sinakasroheline,
"Telephone Expenses",Telefonikulud,
"Telephone and Internet","Telefon ja internet",
Template,Mall,
"Template Builder","Mallide koostaja",
"Template Compilation Error","Malli kompileerimise viga",
"Template Name","Malli nimi",
"Template Type","Malli tüüp",
"Template file saved","Mallifail salvestatud",
Temporary,Ajutine,
"Temporary Accounts","Ajutised kontod",
"Temporary Opening","Ajutine avamine",
Ten,Kümme,
Terms,Tingimused,
"Terms and Conditions",Tingimused,
Text,Tekst,
Th,N,
"The Grand Total must be less than ${0} to apply this coupon.","Kogusumma peab olema väiksem kui ${0}, et seda kupongi rakendada.",
"The Grand Total must exceed ${0} to apply the coupon ${1}.","Kogusumma peab ületama ${0}, et rakendada kupongi ${1}.",
"The following characters cannot be used ${0} in a Number Series name.","Järgmisi tähemärke ei saa kasutada ${0} numbrijada nimes.",
"The following items have insufficient quantity for Shipment: ${0}","Järgmistel kaupadel on lähetuse jaoks ebapiisav kogus: ${0}",
Theme,Teema,
Thirteen,Kolmteist,
Thirty,Kolmkümmend,
"This Month","Käesolev kuu",
"This Quarter","Käesolev kvartal",
"This Year","Käesolev aasta",
"This action is permanent","See toiming on püsiv",
"This action is permanent and will cancel the following payment: ${0}","See toiming on püsiv ja tühistab järgmise makse: ${0}",
"This action is permanent and will cancel the following payments: ${0}","See toiming on püsiv ja tühistab järgmised maksed: ${0}",
"This action is permanent and will delete associated ledger entries.","See toiming on püsiv ja kustutab seotud pearaamatu kirjed.",
"This action is permanent.","See toiming on püsiv.",
"This posts them to the ledger. Each can still be cancelled individually afterwards.","See kannab need pearaamatusse. Kõiki saab hiljem eraldi tühistada.",
Thousand,Tuhat,
Three,Kolm,
"Tier Name","Taseme nimi",
"Times New Roman",,
Title,Pealkiri,
To,Kuni,
"To Account",Kontole,
"To Account and From Account can't be the same: ${0}","Sihtkoha konto ja lähtekonto ei tohi olla samad: ${0}",
"To Date",Lõppkuupäev,
"To Loc.","Asukoht (kuni)",
"To Year",Aastani,
"Toggle Edit Mode","Lülita redigeerimisrežiim",
"Toggle Key Hints","Lülita klahvivihjeid",
"Toggle Linked Entries widget, not available in Quick Edit view.","Lülita seotud kirjete vidin (pole saadaval kiirmuutmisvaates)",
"Toggle between Grid and List view","Lülita ruudustiku- ja loendvaate vahel",
"Toggle between form and full width","Lülita vormi ja täislaiuse vahel",
"Toggle sidebar","Lülita külgriba",
"Toggle the Create filter","Lülita loomisfilter",
"Toggle the Docs filter","Lülita dokumendifilter",
"Toggle the List filter","Lülita loendfilter",
"Toggle the Page filter","Lülita lehefilter",
"Toggle the Report filter","Lülita aruandefilter",
"Top Expenses","Peamised kulud",
Total,Kokku,
"Total Amount","Kogu summa",
"Total Annual Period Profit/Loss","Aruandeaasta kasum (kahjum)",
"Total Asset (Debit)","Varad kokku (deebet)",
"Total Debit: ${0} must be equal to Total Credit: ${1}","Deebet kokku: ${0} peab võrduma kreedit kokku: ${1}",
"Total Discount","Kogu allahindlus",
"Total Equity (Credit)","Omakapital kokku (kreedit)",
"Total Expense (Debit)","Kulud kokku (deebet)",
"Total Income (Credit)","Tulud kokku (kreedit)",
"Total Liability (Credit)","Kohustused kokku (kreedit)",
"Total Profit","Kasum kokku",
"Total Profit/Loss Before Tax","Kasum (kahjum) enne tulumaksustamist",
"Total Quantity","Kogus kokku",
"Total Spending",Kogukulud,
"Total output VAT (computed)","Väljundkäibemaks kokku (arvutuslik)",
"Track Inventory","Jälgi varusid",
"Trade Payables","Võlad tarnijatele",
"Trade Receivables","Ostjate nõuded",
Transfer,Ülekanne,
"Transfer No","Ülekande nr",
"Transfer Quantity","Ülekande kogus",
"Transfer Type","Ülekande tüüp",
"Transfer Unit","Ülekande ühik",
"Transfer Unit ${0} is not applicable for Item ${1}","Ülekande ühik ${0} ei ole kohaldatav kaubale ${1}",
"Transfer will cause future entries to have negative stock.","Ülekanne põhjustab tulevaste kirjete negatiivse laovaeguse.",
"Travel Expenses",Lähetuskulud,
"Trial Balance",Käibeandmik,
Tu,T,
Twelve,Kaksteist,
Twenty,Kakskümmend,
Two,Kaks,
Type,Tüüp,
"Type to search...","Sisestage otsimiseks...",
UOM,Mõõtühik,
"UOM Conversion Item","Mõõtühiku teisenduse rida",
"UOM Conversions","Mõõtühikute teisendused",
"Unable to add an item to the return invoice.","Tagastusarvele ei saa kaupa lisada.",
Unit,Ühik,
"Unit Type","Ühiku tüüp",
Unpaid,Maksmata,
"Unpaid ${0}","Maksmata ${0}",
"Unpaid Capital","Sissemaksmata osakapital",
Unregistered,Registreerimata,
"Unsecured Loans","Tagamata laenud",
"Until Date","Kuni kuupäevani",
"Use Full Width","Kasuta täislaiust",
"Use List Filters","Kasuta loendifiltrid",
Used,Kasutatud,
"User Remark","Kasutaja märkus",
"Utility Expenses",Kommunaalkulud,
VAT,Käibemaks,
"VAT Code",Käibemaksukood,
"VAT Exempt",KM-vaba,
"VAT Number","KMKR number",
"VAT Status","Käibemaksu staatus",
"VAT on 100% business-use car + related","100% ärikasutuses sõiduauto + seotud käibemaks",
"VAT on acquisition of fixed assets","Põhivara soetuselt arvestatud käibemaks",
"VAT on partial-business car + related","Osalise ärikasutusega sõiduauto + seotud käibemaks",
"VAT paid/payable on import","Impordil tasutud/tasumisele kuuluv käibemaks",
"VAT payable (computed)","Tasumisele kuuluv käibemaks (arvutuslik)",
"VAT payable on import (+)","Impordil tasumisele kuuluv käibemaks (+)",
"VAT-Exempt Sales","Käibemaksuvaba müük",
"Valid From","Kehtib alates",
"Valid From Date should be greather than Pricing Rule's Valid From Date.","Alguskuupäev peab olema hilisem kui hinnareegli alguskuupäev.",
"Valid From Date should be less than Valid To Date.","Alguskuupäev peab olema varasem kui lõppkuupäev.",
"Valid To","Kehtib kuni",
"Valid To Date should be greater than Valid From Date.","Lõppkuupäev peab olema hilisem kui alguskuupäev.",
"Valid To Date should be lesser than Pricing Rule's Valid To Date.","Lõppkuupäev peab olema varasem kui hinnareegli lõppkuupäev.",
Validate,Valideeri,
"Validation Error","Valideerimise viga",
"Validation OK","Valideerimine õnnestus",
"Validation failed to run","Valideerimine ebaõnnestus",
"Validation issues",Valideerimisprobleemid,
Validity,Kehtivus,
"Validity and Usage","Kehtivus ja kasutus",
Value,Väärtus,
"Value missing for ${0}","Väärtus puudub väljal ${0}",
"Value: ${0}","Väärtus: ${0}",
Version,Versioon,
View,Vaata,
"View Accounting Entries","Vaata raamatupidamise kirjeid",
"View Paid Invoices","Vaata tasutud arveid",
"View Purchases","Vaata oste",
"View Sales","Vaata müüki",
"View Stock Entries","Vaata laotehinguid",
"View Unpaid Invoices","Vaata tasumata arveid",
"View linked entries","Vaata seotud kirjeid",
We,K,
"Weight Enabled Barcode","Kaaluga vöötkood",
"Welcome to ${0}","Tere tulemast ${0}sse",
"When enabled, removes all default filters applied across the system, showing all available options instead of filtered ones.","Kui lubatud, eemaldab kõik vaikefiltrid kogu süsteemis, näidates kõiki saadaolevaid valikuid filtreeritute asemel.",
"When linking documents, if no match is found and filtering is in effect, allow to disable filters.","Dokumentide linkimisel, kui vasteid ei leita ja filtreerimine on aktiivne, lubage filtrid keelata.",
"When off, entries are created as drafts so you can review and attach invoices before submitting.","Väljalülitamisel luuakse kirjed mustanditena, et saaksite arveid üle vaadata ja lisada enne esitamist.",
"Width (in cm)","Laius (cm)",
"Write Off",Mahakandmine,
"Write Off Account","Mahakandmise konto",
"Write Off Account ${0} does not exist. Please set Write Off Account in General Settings","Mahakandmise konto ${0} ei eksisteeri. Määrake mahakandmise konto üldistes seadetes",
"Write Off Account not set. Please set Write Off Account in General Settings","Mahakandmise konto ei ole määratud. Palun määrake see üldseadetes.",
"Write Off Entry","Mahakandmise kirje",
Year,Aasta,
"Year to Date","Aasta algusest",
Yearly,Iga-aastane,
Years,Aastad,
Yellow,Kollane,
Yes,Jah,
Zero,Null,
and,ja,
"check values and click on","kontrollige väärtusi ja klõpsake",
"e.g. FI12345678","n. EE12345678",
field,väli,
held,ootel,
"in Batch ${0}","partiis ${0}",
"item Group",kaubagrupp,
john@doe.com,,
"no need ${0} points to purchase this item","selle kauba ostmiseks ei ole vaja ${0} punkti",
only,ainult,
"to apply changes","muudatuste rakendamiseks",